{

    "metadata" :
    {
        "formatVersion" : 3.1,
        "sourceFile"    : "bullet.obj",
        "generatedBy"   : "OBJConverter",
        "vertices"      : 13,
        "faces"         : 22,
        "normals"       : 0,
        "colors"        : 0,
        "uvs"           : 0,
        "materials"     : 1
    },

    "scale" : 1.000000,

    "materials": [	{
	"DbgColor" : 15658734,
	"DbgIndex" : 0,
	"DbgName" : "Material",
	"colorAmbient" : [0.0, 0.0, 0.0],
	"colorDiffuse" : [1.0, 0.974223, 0.076923],
	"colorSpecular" : [0.0, 0.0, 0.0],
	"illumination" : 1,
	"opticalDensity" : 1.0,
	"specularCoef" : 96.078431,
	"transparency" : 1.0,
	"transparent" : true
	}],

    "vertices": [-0.000000,0.251421,0.000000,-0.330899,0.388635,-0.122409,0.067116,0.385656,-0.206564,0.217197,0.385656,0.000000,0.067116,0.385656,0.206564,-0.330899,0.388635,0.122409,-0.067116,0.602854,-0.206564,0.175715,0.602854,-0.127663,0.175715,0.602854,0.127663,-0.067116,0.602854,0.206564,-0.370675,0.596895,-0.000000,-0.000000,0.737089,0.000000,-0.662452,0.458055,-0.000000],

    "morphTargets": [],

    "morphColors": [],

    "normals": [],

    "colors": [],

    "uvs": [[]],

    "faces": [2,0,1,2,0,2,1,0,5,0,2,0,2,3,0,2,0,3,4,0,2,0,4,5,0,2,2,1,6,0,2,3,2,7,0,2,4,3,8,0,2,5,4,9,0,2,1,10,6,0,2,2,6,7,0,2,3,7,8,0,2,4,8,9,0,2,5,9,10,0,2,6,10,11,0,2,7,6,11,0,2,8,7,11,0,2,9,8,11,0,2,10,9,11,0,2,5,10,12,0,2,10,1,12,0,2,1,5,12,0]

}
