{

    "metadata" :
    {
        "formatVersion" : 3.1,
        "sourceFile"    : "bullet.obj",
        "generatedBy"   : "OBJConverter",
        "vertices"      : 13,
        "faces"         : 22,
        "normals"       : 0,
        "colors"        : 0,
        "uvs"           : 31,
        "materials"     : 1
    },

    "scale" : 1.000000,

    "materials": [	{
	"DbgColor" : 15658734,
	"DbgIndex" : 0,
	"DbgName" : "Material",
	"colorAmbient" : [0.0, 0.0, 0.0],
	"colorDiffuse" : [1.0, 0.974223, 0.076923],
	"colorSpecular" : [0.0, 0.0, 0.0],
	"illumination" : 1,
	"opticalDensity" : 1.0,
	"specularCoef" : 96.078431,
	"transparency" : 1.0,
	"transparent" : true
	}],

    "vertices": [-0.000000,-0.316998,0.000000,-0.330899,-0.179783,-0.122409,0.067116,-0.182763,-0.206564,0.217197,-0.182763,0.000000,0.067116,-0.182763,0.206564,-0.330899,-0.179783,0.122409,-0.067116,0.034435,-0.206564,0.175715,0.034435,-0.127663,0.175715,0.034435,0.127663,-0.067116,0.034435,0.206564,-0.370675,0.028477,-0.000000,-0.000000,0.168670,0.000000,-0.662452,-0.110363,-0.000000],

    "morphTargets": [],

    "morphColors": [],

    "normals": [],

    "colors": [],

    "uvs": [[0.36848,0.44545,0.57096,0.2835,0.50535,0.55431,0.44943,0.21837,0.36275,0.59313,0.2041,0.76428,0.23331,0.61941,0.36275,0.69071,0.36275,0.96935,0.6257,0.4898,0.48745,0.62882,0.6257,0.59313,0.6257,0.73592,0.36379,0.70022,0.46383,0.8021,0.36275,0.2873,0.36275,0.56002,0.23639,0.48723,0.86247,0.38551,0.72216,0.43351,0.79994,0.20309,0.86247,0.10706,0.72539,0.049965,0.19867,0.61941,0.2015,0.24128,0.6257,0.18805,0.58749,0.8735,0.090652,0.48236,0.30646,0.049965,0.80845,0.62596,0.6257,0.049965]],

    "faces": [10,0,1,2,0,0,1,2,10,1,0,5,0,1,0,3,10,0,2,3,0,0,2,4,10,0,3,4,0,5,6,7,10,0,4,5,0,5,7,8,10,2,1,6,0,2,1,9,10,3,2,7,0,10,11,12,10,4,3,8,0,13,10,14,10,5,4,9,0,15,16,17,10,1,10,6,0,18,19,20,10,2,6,7,0,21,20,22,10,3,7,8,0,10,12,14,10,4,8,9,0,16,23,17,10,5,9,10,0,15,17,24,10,6,10,11,0,20,19,25,10,7,6,11,0,22,20,25,10,8,7,11,0,14,12,26,10,9,8,11,0,17,23,27,10,10,9,11,0,24,17,27,10,5,10,12,0,15,24,28,10,10,1,12,0,19,18,29,10,1,5,12,0,1,3,30]

}
