{

    "metadata" :
    {
        "formatVersion" : 3.1,
        "sourceFile"    : "green_block.obj",
        "generatedBy"   : "OBJConverter",
        "vertices"      : 16,
        "faces"         : 18,
        "normals"       : 0,
        "colors"        : 0,
        "uvs"           : 36,
        "materials"     : 1
    },

    "scale" : 1.000000,

    "materials": [	{
	"DbgColor" : 15658734,
	"DbgIndex" : 0,
	"DbgName" : "Material.001",
	"colorAmbient" : [0.0, 0.0, 0.0],
	"colorDiffuse" : [0.266609, 0.8, 0.083346],
	"colorSpecular" : [0.0, 0.0, 0.0],
	"illumination" : 1,
	"mapDiffuse" : "green_block.png",
	"opticalDensity" : 1.0,
	"specularCoef" : 96.078431,
	"transparency" : 1.0,
	"transparent" : true
	}],

    "vertices": [-0.830957,-0.993535,0.830957,-0.672701,-0.732693,0.992167,-0.992167,-0.732693,0.672701,-0.830957,-0.993535,-0.830957,-0.992167,-0.732693,-0.672701,-0.672701,-0.732693,-0.992167,0.830957,-0.993535,-0.830957,0.672701,-0.732693,-0.992167,0.992167,-0.732693,-0.672701,0.830957,-0.993535,0.830957,0.992167,-0.732693,0.672701,0.672701,-0.732693,0.992167,-0.319465,0.612710,0.000000,0.000000,0.612710,0.319465,0.319465,0.612710,0.000000,0.000000,0.612710,-0.319465],

    "morphTargets": [],

    "morphColors": [],

    "normals": [],

    "colors": [],

    "uvs": [[0.25719,0.70145,0.072162,0.4398,0.25719,0.44128,0.34505,0.34505,0.021833,0.34505,0.021833,0.021833,0.34505,0.021833,0.57374,0.69097,0.38872,0.42931,0.57374,0.43079,0.57374,0.33457,0.38872,0.072913,0.57374,0.074395,0.93423,0.38006,0.97817,0.43079,0.8903,0.43079,0.61768,0.023663,0.66161,0.074395,0.61768,0.38006,0.66161,0.43079,0.30112,0.39055,0.34505,0.44128,0.79314,0.33457,0.70528,0.33457,0.70528,0.2467,0.79314,0.2467,0.97817,0.69097,0.8903,0.69097,0.70568,0.37823,0.70528,0.42931,0.38912,0.021833,0.38912,0.37823,0.072568,0.38872,0.66161,0.33457,0.66161,0.69097,0.34505,0.70145]],

    "faces": [10,13,1,11,0,0,1,2,11,0,3,6,9,0,3,4,5,6,10,14,10,8,0,7,8,9,10,15,7,5,0,10,11,12,10,0,1,2,0,13,14,15,10,3,4,5,0,16,17,12,10,6,7,8,0,18,19,9,10,9,10,11,0,20,21,2,11,12,13,14,15,0,22,23,24,25,11,1,13,12,2,0,14,26,27,15,11,3,0,2,4,0,28,13,15,29,11,6,3,5,7,0,30,16,12,11,11,9,6,8,10,0,31,18,9,8,11,0,9,11,1,0,32,20,2,1,11,15,5,4,12,0,10,12,17,33,11,14,8,7,15,0,7,9,19,34,11,13,11,10,14,0,0,2,21,35,10,12,4,2,0,27,29,15]

}
