{

    "metadata" :
    {
        "formatVersion" : 3.1,
        "sourceFile"    : "simple_block.obj",
        "generatedBy"   : "OBJConverter",
        "vertices"      : 12,
        "faces"         : 10,
        "normals"       : 0,
        "colors"        : 0,
        "uvs"           : 29,
        "materials"     : 1
    },

    "scale" : 1.000000,

    "materials": [	{
	"DbgColor" : 15658734,
	"DbgIndex" : 0,
	"DbgName" : "Material.001",
	"colorAmbient" : [0.0, 0.0, 0.0],
	"colorDiffuse" : [0.219181, 0.8, 0.728501],
	"colorSpecular" : [0.0, 0.0, 0.0],
	"illumination" : 1,
	"mapDiffuse" : "simple_block.png",
	"opticalDensity" : 1.0,
	"specularCoef" : 96.078431,
	"transparency" : 1.0,
	"transparent" : true
	}],

    "vertices": [1.000000,-1.000000,-1.000000,1.000000,-1.000000,1.000000,-1.000000,-1.000000,1.000000,-1.000000,-1.000000,-1.000000,1.000000,0.014600,-1.000000,0.607376,1.000000,-0.607376,0.999999,0.014600,1.000000,0.607376,1.000000,0.607376,-1.000000,0.014600,1.000000,-0.607376,1.000000,0.607376,-1.000000,0.014600,-1.000000,-0.607376,1.000000,-0.607376],

    "morphTargets": [],

    "morphColors": [],

    "normals": [],

    "colors": [],

    "uvs": [[0.073622,0.68729,0.35672,0.68729,0.35672,0.97039,0.073622,0.97039,0.35032,0.66969,0.20928,0.66969,0.20928,0.38659,0.35032,0.38659,0.80537,0.38659,0.80537,0.55854,0.63342,0.55854,0.63342,0.38659,0.35032,0.38659,0.20928,0.1035,0.35032,0.1035,0.63342,0.52764,0.35032,0.52764,0.57784,0.67509,0.4059,0.67509,0.49778,0.1035,0.49778,0.38659,0.35032,0.33102,0.35032,0.15907,0.061821,0.61412,0.061821,0.44217,0.061821,0.33102,0.061821,0.15907,0.63882,0.1035,0.63882,0.38659]],

    "faces": [11,0,1,2,3,0,0,1,2,3,11,1,6,8,2,0,4,5,6,7,11,5,11,9,7,0,8,9,10,11,11,2,8,10,3,0,12,6,13,14,11,0,4,6,1,0,11,15,16,12,11,5,7,6,4,0,17,18,16,15,11,4,10,11,5,0,19,20,21,22,11,7,9,8,6,0,23,24,6,5,11,9,11,10,8,0,25,26,13,6,11,4,0,3,10,0,19,27,28,20]

}
