{

    "metadata" :
    {
        "formatVersion" : 3.1,
        "sourceFile"    : "tree.obj",
        "generatedBy"   : "OBJConverter",
        "vertices"      : 40,
        "faces"         : 55,
        "normals"       : 0,
        "colors"        : 0,
        "uvs"           : 138,
        "materials"     : 2
    },

    "scale" : 1.000000,

    "materials": [	{
	"DbgColor" : 15658734,
	"DbgIndex" : 0,
	"DbgName" : "Material",
	"colorAmbient" : [0.0, 0.0, 0.0],
	"colorDiffuse" : [0.4, 0.105405, 0.041577],
	"colorSpecular" : [0.0, 0.0, 0.0],
	"illumination" : 1,
	"mapDiffuse" : "tree.png",
	"opticalDensity" : 1.0,
	"specularCoef" : 96.078431,
	"transparency" : 1.0,
	"transparent" : true
	},

	{
	"DbgColor" : 15597568,
	"DbgIndex" : 1,
	"DbgName" : "Material_NONE",
	"colorAmbient" : [0.0, 0.0, 0.0],
	"colorDiffuse" : [0.4, 0.105405, 0.041577],
	"colorSpecular" : [0.0, 0.0, 0.0],
	"illumination" : 1,
	"mapDiffuse" : "tree.png",
	"opticalDensity" : 1.0,
	"specularCoef" : 96.078431,
	"transparency" : 1.0,
	"transparent" : true
	}],

    "vertices": [-0.126459,-1.002519,0.126459,-0.126459,-1.002519,-0.126459,0.126459,-1.002519,-0.126459,0.126459,-1.002519,0.126459,-0.044602,-0.375512,0.044602,-0.044602,-0.375512,-0.044602,0.044602,-0.375512,-0.044602,0.044602,-0.375512,0.044602,-0.321239,0.256319,0.410741,-0.321239,0.256319,0.157824,-0.068321,0.256319,0.157824,-0.068321,0.256319,0.410741,0.000273,0.624488,-0.329094,0.000273,0.624488,-0.582012,0.253191,0.624488,-0.582012,0.253191,0.624488,-0.329094,-0.178535,-0.012797,0.410323,0.069892,0.248419,0.068389,0.223431,0.248419,0.540927,-0.178535,0.248419,0.832978,-0.580500,0.248419,0.540927,-0.426961,0.248419,0.068389,0.223431,0.671077,0.279718,0.069891,0.671077,0.752256,-0.426961,0.671077,0.752256,-0.580500,0.671077,0.279718,-0.178535,0.671077,-0.012333,-0.178535,0.932293,0.410323,-0.087938,-0.256980,-0.334292,0.464724,0.165219,0.067236,-0.299032,0.165219,0.315399,-0.771070,0.165219,-0.334292,-0.299032,0.165219,-0.983983,0.464724,0.165219,-0.735820,0.123156,0.848355,0.315399,-0.640600,0.848355,0.067236,-0.640600,0.848355,-0.735820,0.123156,0.848355,-0.983983,0.595195,0.848355,-0.334292,-0.087938,1.270554,-0.334292],

    "morphTargets": [],

    "morphColors": [],

    "normals": [],

    "colors": [],

    "uvs": [[0.49737,0.46457,0.51554,0.45949,0.5682,0.58363,0.51668,0.59802,0.5312,0.73512,0.51255,0.7323,0.51531,0.59802,0.5682,0.60601,0.11124,0.13016,0.092517,0.12782,0.091054,0,0.14413,0.006638,0.88903,0.62181,0.90784,0.62322,0.91514,0.75727,0.8618,0.75326,0.51424,0.22333,0.46075,0.22333,0.46075,0.16984,0.51424,0.16984,0.35378,0.16984,0.40726,0.16984,0.40726,0.22333,0.35378,0.22333,0.9318,0.75727,0.91514,0.74842,0.91514,0.58327,0.96238,0.60835,0.8618,0.39533,0.91514,0.39934,0.19721,0.35862,0.14413,0.35199,0.91524,0.15294,0.91524,0.39322,0.89639,0.15368,0.51668,0.24,0.5682,0.22561,0.19721,0.84138,0.19721,0.94628,0.10647,0.89423,0.19721,0.74323,0.10845,0.79949,0.10635,0.80311,0.10635,0.90802,0.01561,0.85596,0.49437,0.89815,0.40372,0.84535,0.49437,0.79314,0.71487,0.8905,0.80586,0.83829,0.80586,0.94291,0.10635,0.69803,0.72074,0.44399,0.80826,0.39533,0.80826,0.49944,0.015348,0.75057,0.60355,0.88203,0.60355,0.98216,0.51255,0.93183,1,0.50024,0.91514,0.44588,1,0.39533,0.98448,0.83829,0.98448,0.94228,0.89686,0.89383,0.71527,0.5366,0.71486,0.83901,0.62387,0.78655,0.71486,0.73398,0.40354,0.94644,0.49437,0.99816,0.80586,0.73321,0.71486,0.78575,0.88511,0.10513,0.79446,0.052916,0.88511,0.000118,0.89686,0.83829,0.89686,0.94291,0.80586,0.8907,0.97611,0.000515,0.97611,0.10513,0.88511,0.052923,0.71486,0.94362,0.62387,0.89142,0.25655,0.84567,0.34729,0.79361,0.34729,0.89852,0.5682,0.64856,0.71486,0.56442,0.64794,0.085457,0.79446,0.000118,0.79446,0.16984,0.19721,0.69803,0.050544,0.61261,0.19721,0.52847,0.5682,0.48004,0.71527,0.39533,0.71527,0.56442,0.19721,0.22561,0.21852,0.076654,0.35378,0.16839,0.49437,0.45421,0.49437,0.62405,0.34729,0.53914,0.34729,0.45421,0.20567,0.3759,0.34729,0.28614,0.35378,0.084921,0.50086,0,0.50086,0.16984,0.49737,0.39368,0.35575,0.30392,0.35378,0,0.85583,0.73321,0.71486,0.64415,0.85583,0.56442,0.20054,0.53914,0.34729,0.62405,0.49737,0.22561,0.050119,0.44355,0.5682,0.31,0.71472,0.22561,0.71472,0.39533,0.20062,0.70947,0.8618,0.22625,0.71472,0.31063,0.3473,0.70843,0.64794,0.000757,0.64794,0.16984,0.50086,0.085136,0.5682,0.88203,0.51531,0.87405,0.050021,0.52378,0.032378,0.53046,0,0.37757,0.050021,0.35862,0,0.24359,0.053076,0.25022]],

    "faces": [11,4,5,1,0,0,0,1,2,3,11,5,6,2,1,0,4,5,6,7,11,6,7,3,2,0,8,9,10,11,11,7,4,0,3,0,12,13,14,15,11,0,1,2,3,0,16,17,18,19,11,11,10,9,8,0,20,21,22,23,11,5,4,8,9,0,24,25,26,27,11,7,15,12,4,0,12,28,29,13,11,6,14,15,7,0,8,30,31,9,11,5,13,14,6,0,32,33,28,34,11,4,12,13,5,0,0,35,36,1,11,12,15,14,13,0,22,21,18,17,10,16,17,18,0,37,38,39,10,17,16,21,0,40,37,41,10,16,18,19,0,42,43,44,10,16,19,20,0,45,46,47,10,16,20,21,0,48,49,50,10,17,21,26,0,40,41,51,10,18,17,22,0,52,53,54,10,19,18,23,0,51,42,55,10,20,19,24,0,56,57,58,10,21,20,25,0,59,60,61,10,17,26,22,0,62,63,64,10,18,22,23,0,52,54,65,10,19,23,24,0,66,67,68,10,20,24,25,0,69,45,70,10,21,25,26,0,71,49,72,10,22,26,27,0,73,74,75,10,23,22,27,0,76,77,78,10,24,23,27,0,79,80,81,10,25,24,27,0,66,82,83,10,26,25,27,0,84,85,86,10,28,29,30,0,68,87,88,10,29,28,33,0,89,90,91,10,28,30,31,0,92,93,94,10,28,31,32,0,95,96,97,10,28,32,33,0,98,99,100,10,29,33,38,0,101,102,103,10,30,29,34,0,104,105,106,10,31,30,35,0,107,108,109,10,32,31,36,0,110,104,111,10,33,32,37,0,100,99,112,10,29,38,34,0,105,98,106,10,30,34,35,0,113,114,115,10,31,35,36,0,116,104,117,10,32,36,37,0,110,111,118,10,33,37,38,0,119,30,94,10,34,38,39,0,120,121,122,10,35,34,39,0,85,123,117,10,36,35,39,0,124,28,125,10,37,36,39,0,102,47,126,10,38,37,39,0,127,128,129,11,6,5,9,10,0,5,4,130,131,11,4,7,11,8,0,132,133,134,135,11,11,7,6,10,1,136,9,8,137]

}
