{

    "metadata" :
    {
        "formatVersion" : 3.1,
        "sourceFile"    : "tree.obj",
        "generatedBy"   : "OBJConverter",
        "vertices"      : 40,
        "faces"         : 55,
        "normals"       : 54,
        "colors"        : 0,
        "uvs"           : 100,
        "materials"     : 1
    },

    "scale" : 1.000000,

    "materials": [	{
	"DbgColor" : 15658734,
	"DbgIndex" : 0,
	"DbgName" : "Material.002",
	"colorAmbient" : [0.0, 0.0, 0.0],
	"colorDiffuse" : [0.8, 0.8, 0.8],
	"colorSpecular" : [0.0, 0.0, 0.0],
	"illumination" : 1,
	"mapDiffuse" : "tree.png",
	"opticalDensity" : 1.0,
	"specularCoef" : 96.078431,
	"transparency" : 1.0,
	"transparent" : true
	}],

    "vertices": [-0.126459,-0.500000,0.126459,-0.126459,-0.500000,-0.126459,0.126459,-0.500000,-0.126459,0.126459,-0.500000,0.126459,-0.126459,0.127007,0.126459,-0.126459,0.127007,-0.126459,0.126459,0.127007,-0.126459,0.126459,0.127007,0.126459,-0.321239,0.758838,0.410741,-0.321239,0.758838,0.157824,-0.068321,0.758838,0.157824,-0.068321,0.758838,0.410741,0.000273,1.127007,-0.329094,0.000273,1.127007,-0.582012,0.253191,1.127007,-0.582012,0.253191,1.127007,-0.329094,-0.178535,0.489722,0.410323,0.069892,0.750938,0.068389,0.223431,0.750938,0.540927,-0.178535,0.750938,0.832978,-0.580500,0.750938,0.540927,-0.426961,0.750938,0.068389,0.223431,1.173596,0.279718,0.069891,1.173596,0.752256,-0.426961,1.173596,0.752256,-0.580500,1.173596,0.279718,-0.178535,1.173596,-0.012333,-0.178535,1.434812,0.410323,-0.087938,0.245539,-0.334292,0.464724,0.667738,0.067236,-0.299032,0.667738,0.315399,-0.771070,0.667738,-0.334292,-0.299032,0.667738,-0.983983,0.464724,0.667738,-0.735820,0.123156,1.350874,0.315399,-0.640600,1.350874,0.067236,-0.640600,1.350874,-0.735820,0.123156,1.350874,-0.983983,0.595195,1.350874,-0.334292,-0.087938,1.773073,-0.334292],

    "morphTargets": [],

    "morphColors": [],

    "normals": [-1,0,0,0,0,-1,1,0,0,0,0,1,0,-1,0,0,-0.41031,0.91194,0,1,0,0.95562,0.2946,0,0,0.41031,-0.91194,-0.95562,-0.2946,0,0,0.41456,0.91002,0.99206,-0.12573,0,0,-0.41456,-0.91002,-0.99206,0.12573,0,0.57735,-0.79465,-0.1876,0,-0.79465,-0.60706,0.35683,-0.79465,0.49112,-0.35683,-0.79465,0.49112,-0.57735,-0.79465,-0.1876,0,-0.1876,-0.98225,0.93417,-0.18759,-0.30354,0.57736,-0.18759,0.79465,-0.57736,-0.18759,0.79465,-0.93417,-0.18759,-0.30354,0.57736,0.18759,-0.79465,0.93417,0.18759,0.30354,0,0.1876,0.98225,-0.93417,0.18759,0.30354,-0.57736,0.18759,-0.79465,0.35683,0.79465,-0.49112,0.57735,0.79465,0.1876,0,0.79465,0.60706,-0.57735,0.79465,0.1876,-0.35683,0.79465,-0.49112,0.1876,-0.79465,0.57735,0.60706,-0.79465,0,-0.49112,-0.79465,0.35683,-0.49112,-0.79465,-0.35683,0.1876,-0.79465,-0.57735,0.98225,-0.1876,0,0.30354,-0.18759,0.93417,-0.79465,-0.18759,0.57736,-0.79465,-0.18759,-0.57736,0.30353,-0.18759,-0.93417,0.79465,0.18759,0.57736,-0.30354,0.18759,0.93417,-0.98225,0.1876,0,-0.30353,0.18759,-0.93417,0.79465,0.18759,-0.57736,0.49112,0.79465,0.35683,-0.1876,0.79465,0.57735,-0.60706,0.79465,0,-0.1876,0.79465,-0.57735,0.49112,0.79465,-0.35683],

    "colors": [],

    "uvs": [[0.72961,0.60634,0.78227,0.59923,0.81162,0.75885,0.75896,0.76596,0.43986,0.6204,0.49101,0.606,0.52751,0.76414,0.47636,0.77854,0.64022,0.50379,0.58756,0.49668,0.61691,0.33706,0.66957,0.34417,0.28407,0.50961,0.23292,0.4952,0.26942,0.33706,0.32057,0.35147,0.79146,0.89718,0.72585,0.89718,0.72585,0.83157,0.79146,0.83157,0.16477,0.65194,0.11363,0.63753,0.72585,0.76596,0.79146,0.76596,0.58017,0.66466,0.52751,0.65756,0.32057,0.47808,0.37172,0.46367,0.66957,0.44547,0.72223,0.43836,0.32057,0.77854,0.26942,0.76414,0.66957,0.76596,0.61691,0.75885,0.47636,0.35147,0.52751,0.33706,0.75896,0.34417,0.81162,0.33706,0.11363,0.84415,0.11363,0.77854,0.17923,0.77854,0.17923,0.84415,0.43881,0.88282,0.32917,0.88282,0.40493,0.77854,0.40493,0.98709,0.52751,0.81837,0.52751,0.94726,0.004975,0.54561,0,0.44134,0.11078,0.50578,0,0.75415,0.11125,0.80568,0.002298,0.87416,0.11078,0.58543,0.11078,0.71432,0,0.64988,0.21161,0.83478,0.32057,0.90326,0.004975,0.33706,0.11078,0.37689,0.11125,0.93039,0.004975,0.75415,0.20932,0.95479,0.72585,0.80579,0.72585,0.93468,0.63715,0.87023,0.60327,0.76596,0.52751,0.87023,0.60327,0.9745,0.17721,0.16853,0.12245,0,0.32057,0.064375,0,0.16853,0.32057,0.27269,0.12244,0.33706,0.64918,0.33706,0.64114,0.16853,0.82018,0.27269,0.99144,0.95899,0.81534,0.86811,0.99144,0.75742,0.99067,0.40144,0.99067,0.60976,0.81162,0.5056,1,0.25377,0.82018,0.33706,0.8239,0.14309,0.64918,0,0.82018,0.064373,0.81162,0.67413,0.81966,0.67413,0.81966,0.33706,1,0.052204,0.64114,0.064375,0.64114,0.27269,0.49777,0.16853,0.44301,0,0.32057,0.16853,0.44301,0.33706]],

    "faces": [43,4,5,1,0,0,0,1,2,3,0,0,0,0,43,5,6,2,1,0,4,5,6,7,1,1,1,1,43,6,7,3,2,0,8,9,10,11,2,2,2,2,43,7,4,0,3,0,12,13,14,15,3,3,3,3,43,0,1,2,3,0,16,17,18,19,4,4,4,4,43,4,7,11,8,0,13,12,20,21,5,5,5,5,43,11,10,9,8,0,22,23,19,18,6,6,6,6,43,7,6,10,11,0,9,8,24,25,7,7,7,7,43,6,5,9,10,0,5,4,26,27,8,8,8,8,43,5,4,8,9,0,1,0,28,29,9,9,9,9,43,7,15,12,4,0,12,30,31,13,10,10,10,10,43,6,14,15,7,0,8,32,33,9,11,11,11,11,43,5,13,14,6,0,4,34,35,5,12,12,12,12,43,4,12,13,5,0,0,36,37,1,13,13,13,13,43,12,15,14,13,0,38,39,40,41,6,6,6,6,42,16,17,18,0,42,43,44,14,14,14,42,17,16,21,0,43,42,45,15,15,15,42,16,18,19,0,42,44,46,16,16,16,42,16,19,20,0,42,46,47,17,17,17,42,16,20,21,0,42,47,45,18,18,18,42,17,21,26,0,48,49,50,19,19,19,42,18,17,22,0,51,52,53,20,20,20,42,19,18,23,0,54,55,56,21,21,21,42,20,19,24,0,57,30,58,22,22,22,42,21,20,25,0,49,59,60,23,23,23,42,17,26,22,0,52,61,53,24,24,24,42,18,22,23,0,55,62,56,25,25,25,42,19,23,24,0,54,56,48,26,26,26,42,20,24,25,0,57,58,63,27,27,27,42,21,25,26,0,49,60,50,28,28,28,42,22,26,27,0,64,65,66,29,29,29,42,23,22,27,0,67,64,66,30,30,30,42,24,23,27,0,68,67,66,31,31,31,42,25,24,27,0,69,68,66,32,32,32,42,26,25,27,0,65,69,66,33,33,33,42,28,29,30,0,70,71,72,34,34,34,42,29,28,33,0,71,70,73,35,35,35,42,28,30,31,0,70,72,74,36,36,36,42,28,31,32,0,70,74,75,37,37,37,42,28,32,33,0,70,75,73,38,38,38,42,29,33,38,0,76,77,78,39,39,39,42,30,29,34,0,79,80,81,40,40,40,42,31,30,35,0,82,83,84,41,41,41,42,32,31,36,0,85,86,87,42,42,42,42,33,32,37,0,77,88,89,43,43,43,42,29,38,34,0,80,90,81,44,44,44,42,30,34,35,0,83,91,84,45,45,45,42,31,35,36,0,82,84,92,46,46,46,42,32,36,37,0,85,87,93,47,47,47,42,33,37,38,0,77,89,78,48,48,48,42,34,38,39,0,94,95,96,49,49,49,42,35,34,39,0,97,94,96,50,50,50,42,36,35,39,0,98,97,96,51,51,51,42,37,36,39,0,99,98,96,52,52,52,42,38,37,39,0,95,99,96,53,53,53]

}
